cartodb_id,the_geom,date,ship_1,type,nationality_1,ship_2,nationality_2,location,latitude,longitude,outcome,source,type2,status,victor
74,0101000020E6100000543541D47DD151C02958E36C3AAE3F40,1799-03-22 00:00:00+00,Henry,ship,USA,privateer,France,31.5oN,31.680579,-71.273305,Henry captured,QW3:2,Captured by French,MP,French
1,0101000020E6100000F1F44A5986A954C0952A51F696763740,1798-09-28 00:00:00+00,America,armed merchant ship,USA,privateer,France,near Havana,23.463241,-82.648825,shots fired,QW2:148,engagement but no capture,MP,none
2,0101000020E6100000CC61F71DC36315C010406A1327094240,1798-07-11 00:00:00+00,American,armed merchant ship,USA,3 privateers,France,Gibraltar,36.071505,-5.347424,American beat off privateers,QW2:148,engagement but no capture,MP,none
3,0101000020E61000000000000000804AC00100000000003D40,1798-09-27 00:00:00+00,Amphitrite,armed merchant ship,USA,ship,France,29N53W,29,-53,Amphitrite ran after running out of ammunition,QW2:150,engagement but no capture,MP,none
4,0101000020E610000000000000004050C00000000000804340,1798-05-09 00:00:00+00,Belvedere,armed merchant ship,USA,privateer sloop,France,39N65W,39,-65,shots fired,QW2:153,engagement but no capture,MP,none
5,0101000020E6100000213F1BB96EBA17C04B1AA37554994840,1798-04-22 00:00:00+00,Boston Packet,armed brig,USA,2 brigand boats,France,en route to Jamaica,49.19789,-5.932063,Boston Packet beat off privateers,QW2:154,engagement but no capture,MP,none
6,0101000020E6100000BC202235EDAF51C0B1C05774EB314540,1798-12-28 00:00:00+00,Camilla,armed merchant ship,USA,2 privateers,France,near Boston,42.389998,-70.748853,beat off privateers and rescued Portuguese vessel,QW2:155,engagement but no capture,MP,none
7,0101000020E61000001A16A3AEB53651C0C422861DC6744540,1798-09-25 00:00:00+00,Carrollton,armed merchant ship,USA,schooner and sloop,France,off Portland,42.912296,-68.854839,privateers sailed away without firing,QW2:156,sight but no engagement,MP,none
8,0101000020E61000000B0E2F88485B4EC0DA73999A04472740,1798-09-27 00:00:00+00,Cato,armed merchant ship,USA,freebooter,France,near Tobago,11.638707,-60.713151,prepared for action but no shots fired,QW2:156,sight but no engagement,MP,none
9,0101000020E610000096E7C1DD598554C002F1BA7EC1263740,1798-12-20 00:00:00+00,Chance,armed schooner,USA,privateer,France,6 leagues east of Havana,23.15139,-82.08361,"shots fired; no capture",QW2:156,engagement but no capture,MP,none
10,0101000020E61000000000000000A051C00000000000404340,1798-05-25 00:00:00+00,Diana,armed merchant ship,USA,Jean Bart,France,38o30'N 70o30'W,38.5,-70.5,Diana captured,QW2:160,Captured by French,MP,French
11,0101000020E610000000000000002052C00000000000804340,1798-05-21 00:00:00+00,Olive,schooner,USA,8540,France,39N 72o30'W,39,-72.5,Olive captured,QW2:161,Captured by French,MP,French
46,0101000020E6100000B1D7BB3FDE534DC01AE1ED41089C3740,1799-02-05 00:00:00+00,Venus,schooner,USA,schooner,France,24oN,23.609501,-58.65522,Venus captured,QW2:315,Captured by French,MP,French
75,0101000020E61000000000000000003AC00000000000804040,1799-04-02 00:00:00+00,Harmony,brig,USA,privateer,France,33N 26W,33,-26,Harmony captured,QW3:15,Captured by French,MP,French
76,0101000020E61000003233333333B353C06666666666263D40,1799-04-09 00:00:00+00,Fair Columbian,brig,USA,HMS Hinde,Britain,29o9'N 78o48'W,29.15,-78.8,Fair Columbian captured,QW3:35,Captured by British,MN,British
77,0101000020E61000005C8E57207A4D53C0ACFC321823CA3940,1799-04-14 00:00:00+00,General Washington,ship,USA,HMS Lynx,Britain,near Hole-in-the-Wall,25.789598,-77.210579,General Washington captured,QW3:45,Captured by British,MN,British
78,0101000020E610000069DD06B5DFCA53C0F4A78DEA74CC3240,1799-04-15 00:00:00+00,Britannia,ship,USA,privateer,France,near Jamaica,18.798659,-79.169904,Britannia captured,QW3:54,Captured by French,MP,French
79,0101000020E6100000B81E85EB51304FC00708E6E8F11B3040,1799-04-15 00:00:00+00,Brothers,ship,USA,privateer,France,Montserrat NNE 12 leagues,16.10916,-62.3775,Brothers boarded and pillaged,QW3:55,Boarded by French,MP,French
80,0101000020E6100000B6F3FDD478E94EC037F8C264AA202F40,1799-04-17 00:00:00+00,Constellation and L'Insurgente,frigate,USA,Diligente,France,Guadeloupe NNE 8 leagues,15.5638,-61.824,Dilgente captured,QW3:63,Captured by Americans,NP,American
81,0101000020E610000019AE0E80B85A52C0E161DA37F7314440,1799-04-18 00:00:00+00,Susanna,brig,USA,Earl of Moira (privateer),Britain,Highlands of Neversinks NWbW 12 miles,40.390357,-73.417511,Susanna captured,QW3:65,Captured by British,MP,British
82,0101000020E6100000378C82E0F11A50C04339D1AE42284040,1799-04-28 00:00:00+00,Fair American,brig,USA,3 privateer,France,windward of Barbuda,32.314535,-64.421013,Fair American captured,QW3:109,Captured by French,MP,French
83,0101000020E6100000E3FC4D2844544EC0E90B21E7FD473040,1799-04-30 00:00:00+00,Orange,schooner,USA,Scrutin,France,windward of Guadeloupe,16.281218,-60.65833,Orange captured,QW3:112,Captured by French,MP,French
84,0101000020E610000000000000000052C00000000000003C40,1799-05-01 00:00:00+00,Polly,schooner,USA,privateer,France,28oN 72oW,28,-72,Polly captured,QW3:118,Captured by French,MP,French
85,0101000020E61000008B6CE7FBA9514EC0C0EC9E3C2CB43040,1799-04-30 00:00:00+00,Francis,schooner,USA,2 letters of marque,France,Deseada bearing SbW 10 leagues,16.7038,-60.638,Francis captured,QW3:120,Captured by French,MP,French
86,0101000020E6100000068195438BB44EC012A5BDC117163140,1799-04-17 00:00:00+00,Eagle,brig,USA,Bon Pierre,France,5 leagues to windward of Antigua,17.0863,-61.4105,Bon Pierre captured,QW3:157,Captured by Americans,MP,American
87,0101000020E61000003546EBA86A2218C096438B6CE7034240,1799-05-11 00:00:00+00,Mary Ann,ship,USA,4 privateers,France,3 leagues south of Cape Trafalgar,36.0305,-6.03361,Mary Ann captured,QW3:170,Captured by French,MP,French
88,0101000020E6100000FFFFFFFFFFFF4EC0D122DBF97E6A3440,1799-05-13 00:00:00+00,Union,sloop,USA,Alliance,France (Guadeloupe),20o25'N 62oW,20.416,-62,Union captured,QW3:181,Captured by French,MP,French
89,0101000020E6100000ACADD85F76D74FC069BC749318443840,1799-05-13 00:00:00+00,[unknown],brig,USA,La Victoire,France,24o16'N 63o41'W,24.266,-63.6833,brig captured,QW3:182,Captured by French,MP,French
90,0101000020E6100000FEB7921D1BB115C079B29B19FDFE4140,1799-05-16 00:00:00+00,Ardent,ship,USA,5 privateers,France,straits of Gibraltar,35.992099,-5.422955,ship captured,QW3:195,Captured by French,MP,French
91,0101000020E6100000882CD2C43B9433C0593673486AED4440,1799-05-27 00:00:00+00,Harmony,ship,USA,Le Surges,France,lat 41o42',41.854806,-19.579037,Harmony captured,QW3:263,Captured by French,MP,French
92,0101000020E6100000D2C1FA3F87314FC0CCCCCCCCCC9C3240,1799-06-16 00:00:00+00,Ganges,ship,USA,Vainqueure,France,NEbN of St. Bartholomews 16 or 18 leagues,18.6125,-62.38694,Vainqueure captured,QW3:346,Captured by Americans,NP,American
93,0101000020E610000080608E1EBF3719C0257A19C572054240,1799-06-17 00:00:00+00,Robertson,brig,USA,Lodolph and another,France,between Cadiz and the Straits of Gibraltar,36.042565,-6.30444,Robertson captured,QW3:355,Captured by French,MP,French
94,0101000020E6100000E1CFF0660D344AC0753BFBCA83F41440,1799-06-12 00:00:00+00,George,brig,USA,privateer,France,off Mudfort (near Cayenne),5.238784,-52.406659,George captured,QW3:357,Captured by French,MP,French
95,0101000020E6100000E1CFF0660D344AC0753BFBCA83F41440,1799-06-12 00:00:00+00,John,schooner,USA,privateer,France,off Mudfort (near Cayenne),5.238784,-52.406659,John captured,QW3:357,Captured by French,MP,French
96,0101000020E61000000AD7A3703DEA4BC0FFFFFFFFFFFF2E40,1799-06-20 00:00:00+00,Peyton Randolph,brig,USA,Revenge,France,15o30'N 56o50'W,15.5,-55.83,Peyton Randolp captured,QW3:374,Captured by French,MP,French
97,0101000020E6100000041C42959A9527C0ACFF73982FAF4440,1799-06-24 00:00:00+00,Commerce,ship,USA,La Mouche,France,between Bordeaux and Cadiz,41.36864,-11.792195,Commerce captured,QW3:396,Captured by French,MP,French
98,0101000020E6100000FFFFFFFFFFFF26C00000000000004240,1799-06-24 00:00:00+00,Ann,ship,USA,La Mouche,France,36oN 11o30'W,36,-11.5,Ann captured,QW3:397,Captured by French,MP,French
99,0101000020E61000006C98A1F144100240483657CD73AA4440,1799-06-30 00:00:00+00,Mary Ann,ship,USA,La Roman,France,near Barcelona,41.331659,2.257944,Mary Ann captured (again),QW3:435,Captured by French,MP,French
100,0101000020E6100000FFCF61BEBC724BC045D5AF743E6C1840,1799-07-06 00:00:00+00,Hope,schooner,USA,privateer,France,windward of Surinam River,6.105707,-54.896385,Hope captured and set adrift,QW3:470,Captured by French,MP,French
101,0101000020E61000001C23D923D40C53407DCA3159DC872BC0,1799-07-06 00:00:00+00,Aurora,ship,USA,L'Hazarde,France,off Angere,-13.765353,76.200448,Aurora captured,QW3:471,Captured by French,MP,French
102,0101000020E61000009D4A06802AAC4DC0EF90628044832140,1799-07-07 00:00:00+00,John,schooner,USA,L'Importune,France,10-15 leagues windward of Brandt Point,8.756382,-59.345047,John captured,QW3:473,Captured by French,MP,French
103,0101000020E610000054C2137AFDC74EC005871744A41A3140,1799-08-14 00:00:00+00,John,schooner,USA,Revellieu,France,windward of Antigua,17.104069,-61.562423,John captured,QW3:473,Captured by French,MP,French
104,0101000020E61000003992CB7F485F1AC0F12AC654554D4240,1799-07-10 00:00:00+00,Rufus,armed merchant ship,USA,Cockade,France,Cadiz SEbE 4-5 leagues,36.6041666,-6.59305,Rufus captured,QW3:483,Captured by French,MP,French
105,0101000020E6100000FFFFFFFFFF7F31C09BC420B072083D40,1799-07-10 00:00:00+00,Planter,armed merchant ship,USA,privateer,France,29o2'N 17o30'W,29.033,-17.5,privateer sheered off after battle,QW3:487,Engagement but no capture,MP,none
106,0101000020E6100000828B1535986E4EC0A05225CADE563040,1799-06-29 00:00:00+00,Merrimack,sloop of war,USA,la Magicienne,France,east of Deseada,16.339337,-60.86402,Magicienne captured,QW3:495,Captured by Americans,NP,American
107,0101000020E61000006B9A779CA2E550C0E3A59BC420403240,1799-07-29 00:00:00+00,Jane,schooner,USA,Alliance,France,Porto Rico SEbS 6 or 7 leagues,18.2505,-67.58805,Jane captured,QW3:556,Captured by French,MP,French
12,0101000020E61000003752B648DA8DFB3F9DEA909BE1D64940,1798-07-26 00:00:00+00,Eliza,armed merchant ship,USA,L'Heureux Decide,France,near London,51.67876,1.722132,Eliza captured after 2-hour battle,QW2:162,Captured by French,MP,French
13,0101000020E610000000000000000025C0B79C4B7155954840,1798-02-21 00:00:00+00,Eliza,armed merchant ship,USA,Nymphe Phaeton Mermaid,Britain,49o10'N 10o30'W,49.16667,-10.5,Eliza recaptured from French and taken to Plymouth,QW2:163,Recaptured by British,MN,British
14,0101000020E6100000E198654F02CF3DC0EB0088BB7A914440,1798-12-16 00:00:00+00,Factor,armed merchant ship,USA,Intrepid,France,en route to London from New York,41.136558,-29.808629,Factor captured but escaped under 1st mate next day,QW2:164,Captured by French,MP,French
15,0101000020E6100000289B7285773751C0FFFFFFFFFFBF3640,1798-03-16 00:00:00+00,Fame,armed merchant ship,USA,La Vengeance,France,22o45'N. Longitude 68o52'W,22.75,-68.86667,Fame captured,QW2:165,Captured by French,MP,French
16,0101000020E610000070404B57B06C52C0DCB8C5FCDCB83440,1798-11-03 00:00:00+00,Favorite,armed merchant ship,USA,privateer,France,south end of Heneaga,20.722122,-73.698263,privateer got away because wind died,QW2:166,Engagement but no capture,MP,none
17,0101000020E6100000AE47E17A146E10C0F703603412484240,1798-12-10 00:00:00+00,Hannah,armed schooner,USA,Filibustier,France,6 leagues off Malaga,36.56305556,-4.1075,captured by Filibustier,QW2:169,Captured by French,MP,French
18,0101000020E6100000A3073E062B5D51C09315C3D501D04240,1798-09-14 00:00:00+00,Hannah,armed merchant ship,USA,La Vengeance,France,between London and Portsmouth VA,37.625056,-69.455751,captured by La Vengeance,QW2:169,Captured by French,MP,French
19,0101000020E610000037C0CC77F0330FC0465D6BEF53434640,1798-12-17 00:00:00+00,Hazard,armed brig,USA,2 privateers,France,off Bilboa,44.525999,-3.900361,Hazard beat off privateers,QW2:170,Engagement but no capture,MP,none
20,0101000020E61000000000000000404FC0FFFFFFFFFFFF3340,1798-12-28 00:00:00+00,Henry,armed sloop,USA,privateer,France,20oN 62o30'W,20,-62.5,escaped privateer,QW2:170,Engagement but no capture,MP,none
21,0101000020E610000000000000000049C0B5FBB8AAAA2A3340,1798-11-04 00:00:00+00,Highlander,armed schooner,USA,privateer,France,19o10'N 50oW,19.16666667,-50,captured by privateer,QW2:171,Captured by French,MP,French
22,0101000020E6100000BD30992A18714EC018247D5A45BB3040,1798-06-03 00:00:00+00,Hunter,armed merchant ship,USA,La Bonne Mere,France,near Guadeloupe,16.731527,-60.88355,captured by privateer,QW2:172,Captured by French,MP,French
23,0101000020E6100000700B96EA022B50C0A5F8F884EC783240,1798-06-03 00:00:00+00,Luna,armed barque,USA,6 privateers,France,near Tortola,18.472359,-64.672053,in convoy Luna captured 6 privateers,QW2:177,Captured by Americans,MP,American
24,0101000020E61000008509A359D96E31C061FC34EECD434040,1798-08-01 00:00:00+00,Nancy,armed brig,USA,privateer,France,off Madeira,32.529722,-17.433004,"captured by privateer; master retook brig",QW2:181,Captured by French,MP,French
25,0101000020E6100000FFFFFFFFFFFF4EC00000000000803740,1798-02-13 00:00:00+00,New Jersey,armed merchant ship,USA,La Bourdaine,France,23o30' N 62o,23.5,-62,captured by La Bourdaine,QW2:182,Captured by French,MP,French
26,0101000020E6100000667E3507087453C045EA3D95D3FA3640,1798-12-31 00:00:00+00,Perseverance,armed merchant ship,USA,privateer,France,Old Bahamas Straits,22.979791,-77.81299,beat off privateer,QW2:185,Engagement but no capture,MP,none
27,0101000020E61000001230BABC39BC21C038B874CC79264D40,1798-06-22 00:00:00+00,Princess Royal,armed packet,USA,privateer,France,off Western Islands,58.300592,-8.867628,privateer sheered off after 2.25hr battle,QW2:186,Engagement but no capture,MP,none
28,0101000020E61000004EAE2990D9354BC0300E2E1D734E3A40,1798-08-07 00:00:00+00,Rambler,armed merchant ship,USA,privateer,France,26oN from Martinique,26.306444,-54.420702,privateer sheered off when Rambler made prep to attack,QW2:187,Engagement but no capture,MP,none
29,0101000020E610000012143FC6DC3D51C0062CB98AC5073A40,1798-06-23 00:00:00+00,Ranging Polly,armed schooner,USA,privateer,France,between New York and Martinique,26.030358,-68.9666,privateer sheered off,QW2:187,Engagement but no capture,MP,none
30,0101000020E6100000C2FA3F87F9F44DC060D1ADD7F4A82E40,1798-09-14 00:00:00+00,Reindeer,armed merchant ship,USA,privateer,France,near Martinique,15.329993,-59.913865,captured,QW2:188,Captured by French,MP,French
31,0101000020E6100000DFE00B93A98A42C0AAF1D24D62101140,1798-12-23 00:00:00+00,Republican,armed merchant ship,USA,Spartiate,France,4o16'N 37o5'W,4.266,-37.0833,captured by Spartiate,QW2:188,Captured by French,MP,French
32,0101000020E610000066666666666631C00000000000404040,1798-06-07 00:00:00+00,Sarah,armed merchant ship,USA,privateer,France,off Madeira,32.5,-17.4,fought with privateer and drove it off,QW2:191,Engagement but no capture,MP,none
33,0101000020E61000006891ED7C3FD533C0D022DBF97EAA3E40,1798-05-06 00:00:00+00,Trial,armed merchant ship,USA,Escamoteur,France,30o40'N 19o50'W,30.666,-19.833,captured by Escamoteur,QW2:193,Captured by French,MP,French
34,0101000020E6100000E82FF488D1394FC0280B5F5FEBEA2D40,1798-06-01 00:00:00+00,Triton,armed galliot,USA,2 privateers,France,around Martinique,14.958827,-62.451707,"captured by second privateer; all crew put to death",QW2:194,Captured by French,MP,French
35,0101000020E61000000000000000C04AC03333333333333740,1798-12-18 00:00:00+00,Vulture,armed brig,USA,Furet,France,23o12'N 53o30'W,23.2,-53.5,captured,QW2:195,Captured by French,MP,French
36,0101000020E6100000EB0088BB7A5D54C072FE2614223C3740,1799-01-01 00:00:00+00,Delaware,sloop of war,USA,2 privateers,France,off Matanzes,23.234895,-81.460616,shots fired,QW2:221,Engagement but no capture,MP,none
37,0101000020E6100000D49AE61DA79C50C03EE8D9ACFA5C2540,1799-01-10 00:00:00+00,Amazon,letter of marque schooner,USA,Flower of the Sea,France,10 leagues eastward of Lageira,10.6816,-66.4477,captured by Flower of the Sea,QW2:227,Captured by French,PP,French
38,0101000020E61000000000000000404FC0FFFFFFFFFFFF3340,1798-12-28 00:00:00+00,Henry,sloop,USA,privateer,France,20oN 62o30'W,20,-62.5,chased by privateer,QW2:227,Captured by French,MP,French
39,0101000020E6100000B4C876BE9FEA51C07B832F4CA62A3640,1799-01-09 00:00:00+00,Henry,sloop,USA,packet,Spain,22o10'N 71o40'W,22.1666,-71.666,captured and taken to Havana,QW2:228,Captured by French,MP,French
40,0101000020E6100000BB61DBA2CC6611C0323B8BDEA9364240,1799-01-24 00:00:00+00,Diana,armed brig,USA,Du Gommier. Don Quixote,France,off Malaga,36.427059,-4.35039,captured and taken to Malaga,QW2:278,Captured by French,MP,French
41,0101000020E610000062450DA661F24EC055850662D9BC2F40,1799-01-28 00:00:00+00,Constellation,frigate,USA,sloop,France,close to Basseterre,15.868846,-61.893605,shots fired,QW2:290,Engagement but no capture,NP,none
42,0101000020E61000005A7EE02A4F584EC0C652245F092C2E40,1799-01-30 00:00:00+00,Essequebo Packet,packet,USA,schooner,France,windward of Martinique,15.086009,-60.689916,schooner perished in a squall,QW2:295,Engagement but no capture,MP,none
43,0101000020E6100000075DC2A1B7DA4EC0D94125AE63E42F40,1799-02-01 00:00:00+00,Constellation,frigate,USA,privateer,France,harbor of Ft. St. Pine,15.946073,-61.708729,privateer outran Constellation,QW2:300,Engagement but no capture,NP,none
44,0101000020E6100000D7A3703D0A574EC0295C8FC2F5282E40,1799-02-03 00:00:00+00,United States,frigate,USA,L'Amour de la Patrie,France,windward of Martinique,15.08,-60.68,United States sunk privateer,QW2:305,Sunk by Americans,NP,American
45,0101000020E6100000B1D7BB3FDE534DC01AE1ED41089C3740,1799-02-05 00:00:00+00,Appollo,schooner,USA,schooner,France,24oN,23.609501,-58.65522,Appollo captured but then retaken by master,QW2:315,Captured by French,MP,French
47,0101000020E61000009DDA19A6B6A031406F7EC344836E41C0,1799-02-09 00:00:00+00,Concord,ship,USA,Le Prudent,France,off Cape of Good Hope,-34.863381,17.627787,Concord captured,QW2:317,Captured by French,MP,French
48,0101000020E6100000E76F422102264FC0ACDB453DE9433140,1799-02-09 00:00:00+00,Constellation,frigate,USA,L'Insurgente,France,Nevis WSW 5 leagues,17.2652777,-62.29694,Constellation captured L'Insurgente,QW2:327,Captured by Americans,NN,American
49,0101000020E6100000AE65321CCF071BC045847F1134384240,1799-02-13 00:00:00+00,Maria,schooner,USA,Adolphus,France,near Cadiz,36.439089,-6.757626,Maria captured by Adolphus and 5 other privateers,QW2:350,Captured by French,MP,French
50,0101000020E610000033333333337331C024287E8CB9FB4D40,1799-02-08 00:00:00+00,Betsey,schooner,USA,Republican,France,59o58'N 17o27'W,59.9666,-17.45,Betsey captured,QW2:403,Captured by French,MP,French
51,0101000020E61000001CD31396785255C086FE092E56E43540,1799-02-26 00:00:00+00,Amity,schooner,USA,La Zaboa,France,Cape Antonio 5 or 6 leagues distant,21.89194,-85.28861,Amity captured,QW2:407,Captured by French,MP,French
52,0101000020E6100000D9EC48F59DA652C0D494641D8E923C40,1799-04-02 00:00:00+00,Brilliant,sloop,USA,Prudent,France,between Kingston and Savannah,28.572481,-74.603391,Brilliant sunk,QW2:407,Captured by French,MP,French
53,0101000020E6100000D9EC48F59DA652C0D494641D8E923C40,1799-04-02 00:00:00+00,Betsy,schooner,USA,Prudent,France,between Kingston and Savannah,28.572481,-74.603391,Betsy sunk,QW2:407,Captured by French,MP,French
54,0101000020E61000008ECA4DD4D26755C02A3A92CB7F683540,1799-02-27 00:00:00+00,Chatham,brig,USA,privateer,France,SW end of Cuba,21.4082,-85.622243,privateer sailed away after battle,QW2:413,Engagement but no capture,MP,none
55,0101000020E61000008ECA4DD4D26755C02A3A92CB7F683540,1799-02-27 00:00:00+00,Lucretia,brig,USA,privateer,France,SW end of Cuba,21.4082,-85.622243,privateer sailed away after battle,QW2:413,Engagement but no capture,MP,none
56,0101000020E6100000C6C210397D894EC0734A404CC2693040,1799-02-27 00:00:00+00,Diligence,schooner,USA,privateer,France,near Desada? (La Desirade),16.413121,-61.074134,privateer escaped by running under the fort,QW2:413,Engagement but no capture,MP,none
57,0101000020E6100000FD8348861CB054C074452921589D3740,1799-03-04 00:00:00+00,Delaware,,USA,Marsouin,France,off Moro Castle,23.614626,-82.751741,Delaware captured the Marsouin,QW2:421,Captured by Americans,NP,American
58,0101000020E6100000AA29C93A1CF94EC017105A0F5FAE2F40,1799-03-05 00:00:00+00,Sally,ship,USA,privateer,France,under the lee of Guadeloupe,15.840569,-61.946174,shots fired but lost in the night,QW2:425,Engagement but no capture,MP,none
59,0101000020E6100000635FB2F1600151C02B8881AE7DF92640,1799-03-08 00:00:00+00,Charming Betsey,armed schooner,USA,Revenge,France,between Curacao and Laguira,11.487287,-68.021542,45-minute engagement ended with neither party captured,QW2:434,Engagement but no capture,MP,none
60,0101000020E6100000E95F92CA142323C0F4328AE596A04940,1799-03-08 00:00:00+00,Molly,armed merchant ship,USA,privateer,France,"16 or 17 leagues from Cape Clear; lat 51o20'N",51.254605,-9.568518,engagement ended with no capture,QW2:435,Engagement but no capture,MP,none
61,0101000020E6100000E129E44A3D5B11C0BAEF181EFB2F4240,1799-03-08 00:00:00+00,Mary,armed merchant ship,USA,4 privateers,France,near Malaga,36.374851,-4.339101,Mary fired upon but not captured,QW2:435,Engagement but no capture,MP,none
62,0101000020E6100000997ADD2230E04EC05EA0A4C002F82F40,1799-03-07 00:00:00+00,Constellation,frigate,USA,Union (letter of marque),France,off Basseterre Roads Guadeloupe,15.984396,-61.751469,Constellation captured Union,QW2:458,Captured by Americans,NP,American
63,0101000020E6100000340EF5BBB04654C0B4C876BE9FF63340,1799-03-14 00:00:00+00,Cygnet,ship,USA,John and Edward,Britain,under Cuba,19.963375,-81.104537,John and Edward captured Cygnet,QW2:462,Captured by British,MP,British
64,0101000020E6100000DCF63DEAAFC74EC0DB4DF04DD3F72D40,1798-08-23 00:00:00+00,United States and Delaware,frigate and sloop,USA,Sans Pareil,France,northwest of Martinique,14.984034,-61.560056,Sans Pareil captured,QW2:479,Captured by Americans,NP,American
65,0101000020E6100000320395F1EF8650C07E6ABC7493D43240,1798-09-05 00:00:00+00,United States and Delaware,frigate and sloop,USA,Jaloux,France,near San Juan,18.830375,-66.108395,Jaloux captured,QW2:479,Captured by Americans,NP,American
66,0101000020E610000030C214E5D2864EC0B18BA2073E3E3040,1798-11-20 00:00:00+00,Retaliation,schooner,USA,L'Insurgente and La Volontaire,France,south of Desceada,16.243134,-61.053311,Retaliation captured,QW2:479,Captured by French,NN,French
67,0101000020E6100000EFC8586DFE574EC0C2BD326FD5852C40,1799-02-04 00:00:00+00,United States,frigate,USA,Tartuffe,France,NE of St Lucia,14.261394,-60.687452,Tartuffe captured,QW2:479,Captured by Americans,NP,American
68,0101000020E61000002219726C3D3550C020B6F468AA9F3140,1799-03-01 00:00:00+00,Montezuma,brig,USA,Les Amis,France,S of St Croix,17.623694,-64.831874,Les Amis captured,QW2:479,Captured by Americans,NP,American
69,0101000020E6100000BEC1172653954EC06891ED7C3F553740,1799-03-24 00:00:00+00,unknown (Capt. A. Gordon),ship,USA,privateer,France,23o20'n 61o10'w,23.333,-61.1666,captured by privateer,QW2:509,Captured by French,MP,French
70,0101000020E6100000BEC1172653954EC06891ED7C3F553740,1799-03-24 00:00:00+00,Lydia,schooner,USA,privateer,France,23o20'n 61o10'w,23.333,-61.1666,captured by privateer,QW2:509,Captured by French,MP,French
71,0101000020E610000062BEBC00FBF550C0FAEDEBC0395B3240,1799-03-28 00:00:00+00,Washington,armed ship,USA,privateer,France,north of the Mona Passage,18.35635,-67.843445,privateer outran Washington,QW2:531,Engagement but no capture,MP,none
72,0101000020E6100000ACADD85F761741C00000000000004540,1799-03-30 00:00:00+00,Nymph,armed brig,USA,Gironda,France,42oN 34o11'W,42,-34.1833,Gironda captured Nymph,QW2:535,Captured by French,MP,French
73,0101000020E6100000ACADD85F761741C00000000000004540,1799-03-30 00:00:00+00,Minerva,schooner,USA,Gironda,France,42oN 34o11'W,42,-34.1833,Gironda captured Minerva,QW2:539,Captured by French,MP,French
108,0101000020E6100000397F130A11B150C01AA6B6D441F23340,1799-02-18 00:00:00+00,Potowmac,schooner,USA,Genius,France,near Tortola,19.946317,-66.766665,Potowmac captured,QW3:562,Captured by French,MP,French
109,0101000020E6100000373465A71FA416C053B4722F30FD4140,1799-06-28 00:00:00+00,Eagle,schooner,USA,Mars,France,in front of Tarifa,35.978033,-5.660277,Eagle captured,QW3:565,Captured by French,MP,French
110,0101000020E610000020B07268914D4FC0D578E92631E83140,1799-08-05 00:00:00+00,Ganges,ship,USA,La Rabateuse,France,12 mi windward of St. Bartholomews,17.907,-62.606,La Rabateuse,QW4:29,Captured by Americans,NP,American
111,0101000020E6100000CDCCCCCCCC4C53C03333333333B33940,1799-08-07 00:00:00+00,Maria,brig,USA,privateer,England,near Hole-in-the-Wall,25.7,-77.2,Maria captured and 4 men pressed,QW4:43,Captured by British,MP,British
112,0101000020E61000009817601F9D7A15C0C2F17C06D40F4240,1799-04-01 00:00:00+00,Belvidere,ship,USA,2 xebecs,France,gut of Gibraltar,36.123658,-5.36974,shots fired,QW4:62,Engagement but no capture,MP,none
113,0101000020E61000008849B89047A011C0F705F4C29D574240,1799-04-13 00:00:00+00,Belvidere,ship,USA,2 xebecs and a privateer,France,off Malaga,36.684502,-4.406523,battle until dark when French sailed off,QW4:62,Engagement but no capture,MP,none
114,0101000020E61000008849B89047A011C0F705F4C29D574240,1799-06-02 00:00:00+00,Belvidere,ship,USA,2 xebecs,France,off Malaga,36.684502,-4.406523,"battle for 2 hours; French disengaged",QW4:62,Engagement but no capture,MP,none
115,0101000020E6100000187B2FBE68994BC05264ADA1D4BE1740,1799-08-21 00:00:00+00,USS Portsmouth,ship,USA,Hussar,France,Surinam River mouth,5.936358,-55.198509,Hussar given up to Portsmouth after days of confinement,QW4:67,Captured by Americans,NP,American
116,0101000020E610000000000000004051C00000000000003040,1799-08-20 00:00:00+00,Rose,ship,USA,Le Conquise L'Egypt,France,16N 69W,16,-69,Rose captured,QW4:103,Captured by French,MP,French
117,0101000020E6100000AE47E17A149E54C06666666666263740,1799-08-22 00:00:00+00,USS Pinckney,brig,USA,Adelaide,France,2 leagues east of Moro,23.15,-82.47,Adelaide captured,QW4:106,Captured by Americans,NP,American
118,0101000020E6100000F7285C8FC2D54FC00000000000002640,1799-09-05 00:00:00+00,Mary,schooner,USA,2 boats,France,2 or 3 leagues from Pampata Forts Margarita,11,-63.67,Mary captured,QW4:163,Captured by French,MP,French
119,0101000020E6100000FFFFFFFFFF7F41C00000000000003C40,1799-09-06 00:00:00+00,America,ship,USA,Diligente,France,28N 35W,28,-35,America captured,QW4:165,Captured by French,MP,French
120,0101000020E61000006022DE3AFFB24BC06B2C616D8C5D1940,1799-09-09 00:00:00+00,Sally,schooner,USA,Le Importe,France,coast of Surinam,6.341356,-55.398414,Sally burned,QW4:170,Captured by French,MP,French
121,0101000020E6100000FA1F60ADDA6D4FC0C7BB2363B5E53140,1799-09-18 00:00:00+00,Matilda,brigantine,USA,La Courageuse & La Cyrene,France,entrance of Port of Gustavia,17.897299,-62.858236,Matilda captured,QW4:207,Captured by French,MP,French
122,0101000020E610000025068195436B4FC0B0726891EDDC3140,1799-09-18 00:00:00+00,Reliance,schooner,USA,Desfourneaux,France,mile from south of St. Bartholomew,17.863,-62.838,Reliance captured,Qw4:207,Captured by French,MP,French
123,0101000020E610000003780B2428064FC06000E143890A3040,1799-10-08 00:00:00+00,Ranger,brigantine,USA,L'Espori,France,near Guadeloupe,16.041157,-62.0481,Ranger captured,QW4:269,Captured by French,NP,French
124,0101000020E6100000C4802557B12C4EC040506EDBF7582B40,1799-10-14 00:00:00+00,Nancy,schooner,USA,privateer,France,from Barbados to St. Lucia,13.673766,-60.349162,Nancy captured,QW4:285,Captured by French,MP,French
125,0101000020E610000055DB4DF04D2D51C0270CCA349ADC2840,1799-07-01 00:00:00+00,Nautilus,schooner,USA,Trois Amis,France,near Curacao,12.430864,-68.707882,Nautilus captured,QW4:287,Captured by French,MP,French
126,0101000020E61000001B2B31CF4AC44EC0C3CE143AAF313040,1799-11-18 00:00:00+00,USRC Pickering,revenue cutter,USA,L'Egypte Conquise,France,off Point Petre,16.19408,-61.533533,L'Eypte Conquise captured,QW4:295,Captured by Americans,NP,American
127,0101000020E61000000AD7A3703D6A50C048E17A14AE873C40,1799-10-20 00:00:00+00,Fair Columbian,ship,USA,Biannas,France,28o32'N 65040'W,28.53,-65.66,Fair Columbian captured,QW4:301,Captured by French,MP,French
128,0101000020E6100000FFFFFFFFFF7F41C00000000000004540,1799-10-21 00:00:00+00,Wooddrop,armed merchant ship,USA,Grand Heureux,France,42N 35W,42,-35,Wooddrop captured,QW4:307,Captured by French,MP,French
129,0101000020E61000008F6D197096D44EC031444E5FCFFF2540,1799-10-22 00:00:00+00,[master William Duer],,USA,privateer,France,near Trinidad,10.999629,-61.660841,USA ship captured,QW4:310,Captured by French,MP,French
130,0101000020E6100000295C8FC2F5A821C00000000000404840,1799-10-24 00:00:00+00,Washington,ship,USA,privateer,France,48o30'N 8o50'W,48.5,-8.83,privateer sheered off after battle,QW4:315,Engagement but no capture,MP,none
131,0101000020E6100000D2A414747B474FC04888F2052D683140,1799-10-29 00:00:00+00,USS Delaware,ship,USA,Ocean,France,near St. Kitts,17.406937,-62.558455,Ocean captured,QW4:337,Captured by Americans,NP,American
132,0101000020E61000000000000000804FC00000000000803740,1799-11-01 00:00:00+00,Spartan,schooner,USA,Diomede,France,23o30N 63W,23.5,-63,Spartan captured,QW4:346,Captured by French,MP,French
133,0101000020E6100000FFFFFFFFFF7F4DC0295C8FC2F5A83040,1799-11-13 00:00:00+00,Shepherdess,schooner,USA,La Rouch R'Encounter,France,16o40'N 59oW,16.66,-59,Shepherdess captured,QW4:389,Captured by French,MP,French
134,0101000020E61000000000000000804FC0FFFFFFFFFFFF2D40,1799-11-18 00:00:00+00,Nancy,schooner,USA,privateer,France,15N 63W,15,-63,Nancy captured,QW4:422,Captured by French,MP,French
135,0101000020E6100000BCCD1B2785034FC0663387A416023040,1799-11-20 00:00:00+00,Nancy,schooner,France,Adams and Insurgente,USA,near Guadeloupe,16.008158,-62.027501,Nancy recaptured,QW4:422,Captured by Americans,MP,American
136,0101000020E610000095607138F38050C0279F1EDB32E03240,1799-11-18 00:00:00+00,Weymouth,schooner,USA,Hope,France,near Puerto Rico,18.875776,-66.014845,Weymouth captured,QW4:423,Captured by French,MP,French
137,0101000020E610000000000000008050C0CDCCCCCCCCCC3240,1799-12-01 00:00:00+00,Weymouth,schooner,France,USS General Greene,USA,near Puerto Rico,18.8,-66,Weymouth recaptured,QW4:423,Recaptured by Americans,NP,American
138,0101000020E6100000A530EF71A62152C0552FBFD364A23240,1799-11-21 00:00:00+00,Jane,schooner,USA,2 barges (Rigaud's),France,near Port au Prince,18.634351,-72.525784,Jane plundered but not taken,QW4:437,Boarded by French,MP,French
139,0101000020E610000000000000000025C00000000000A04840,1799-11-26 00:00:00+00,Cato,ship,USA,privateer,France,49o15'N 10o30'W,49.25,-10.5,Cato captured,QW4:451,Captured by French,MP,French
140,0101000020E6100000FFFFFFFFFFFF4EC00000000000003040,1799-11-30 00:00:00+00,USS Adams,ship,USA,Le Onze Vandemare,France,near Guadeloupe,16,-62,Le Onze Vandemare captured,QW4:463,Captured by Americans,NP,American
141,0101000020E6100000380EBC5AEE784FC0E2AFC91AF5A82F40,1799-12-03 00:00:00+00,Penelope,brig,USA,Fleur de Mair,France,between Trinidad and St. Thomas,15.829995,-62.944774,Penelope captured,QW4:478,Captured by French,MP,French
142,0101000020E61000005628D2FD9C024FC01283C0CAA1453140,1799-12-28 00:00:00+00,Commerce,ship,USA,privateer,France,in sight of Antigua,17.272,-62.020416,Commerce captured,QW4:575,Captured by French,MP,French
143,0101000020E61000000000000000C04EC00000000000003040,1799-12-29 00:00:00+00,USS Connecticut,ship,USA,Conqueror of Italy,France,near Point Petre,16,-61.5,Conqueror of Italy captured,QW4:577,Captured by Americans,NP,American
144,0101000020E6100000C504357C0B3A52C0EDD79DEE3CF53240,1800-01-01 00:00:00+00,USS Experiment,schooner,USA,10 barges,France,channel between Gonaib and Trou Corvet,18.957961,-72.906951,sunk two barges,QW5:1,Captured by Americans,NP,American
145,0101000020E6100000C504357C0B3A52C0EDD79DEE3CF53240,1800-01-01 00:00:00+00,Mary,schooner,USA,10 barges,France,channel between Gonaib and Trou Corvet,18.957961,-72.906951,captain killed but ship saved,QW5:1,Engagement but no capture,MP,none
146,0101000020E6100000C504357C0B3A52C0EDD79DEE3CF53240,1800-01-01 00:00:00+00,Daniel and Mary,brig,USA,10 barges,France,channel between Gonaib and Trou Corvet,18.957961,-72.906951,captured by one of the barges,QW5:2,Captured by French,MP,French
147,0101000020E6100000C504357C0B3A52C0EDD79DEE3CF53240,1800-01-01 00:00:00+00,Washington,schooner,USA,10 barges,France,channel between Gonaib and Trou Corvet,18.957961,-72.906951,captured by one of the barges,QW5:2,Captured by French,MP,French
148,0101000020E610000000000000008056400000000000003340,1800-01-05 00:00:00+00,Louis,ship,USA,Clarissa,France,19N 90E,19,90,captured by Clarissa,QW5:38,Captured by French,MP,French
149,0101000020E610000000000000008056400000000000003340,1800-01-05 00:00:00+00,Criterion,ship,USA,Clarissa,France,19N 90E,19,90,captured by Clarissa,QW5:38,Captured by French,MP,French
150,0101000020E61000009A99999999194EC0295C8FC2F5A83340,1800-01-12 00:00:00+00,USS Baltimore,ship,USA,La Brilliant Jeunesse,France,10o40'N 60o12'W,19.66,-60.2,captured La Brilliant Jeunesse,QW5:69,Captured by Americans,NP,American
151,0101000020E6100000C939B187F6834EC02F36AD1402513040,1800-01-14 00:00:00+00,USS Connecticut,ship,USA,privateer,France,up to shore of Deseada,16.316438,-61.030961,privateer struck and sunk,QW5:73,Sunk by Americans,NP,American
152,0101000020E6100000A2410A9E428850C0DEC83CF2078B3240,1800-01-21 00:00:00+00,USS Herald,ship,USA,La Mutine,France,off San Juan Puerto Rico,18.54309,-66.129066,La Mutine captured,QW5:111,Captured by Americans,NP,American
153,0101000020E61000006F1283C0CA212EC0732497FF908E4040,1800-01-25 00:00:00+00,Nancy,armed brig,USA,Flisbustier,France,20 leagues eastward of Porto Santo,33.1138,-15.066,Nancy captured,QW5:132,Captured by French,MP,French
154,0101000020E61000000000000000C04DC014AE47E17AD43540,1800-01-25 00:00:00+00,Portland,armed ship,USA,privateer,France,21o50'N 59o30'W,21.83,-59.5,Portland captured,QW5:132,Captured by French,MP,French
155,0101000020E61000004E621058398450C0E3E995B20C912E40,1800-02-01 00:00:00+00,USS Constellation,frigate,USA,La Vengeance,France,15o17'N 66o4'W,15.2833,-66.066,Vengeance severely damaged,QW5:167,Engagement but no capture,NP,none
156,0101000020E610000030BDFDB968264BC0349D9D0C8E4E3140,1800-02-18 00:00:00+00,USS Experiment,schooner,USA,L'Legere,France,between St. Jago and Jeremie,17.306855,-54.300071,L'Legere captured,QW5:229,Captured by Americans,NP,American
157,0101000020E61000002997C62FBC121AC05E2EE23B314D4240,1800-03-01 00:00:00+00,Friendship,ship,USA,privateer,France,Point of Rotta,36.603065,-6.518296,shots fired,QW5:256,Engagement but no capture,MP,none
158,0101000020E610000054E23AC6154752C0910A630B41763340,1800-03-02 00:00:00+00,Mary,ship,USA,3 armed barges,France,bight of Leogane,19.46193,-73.110704,Mary captured,Qw5:261,Captured by French,MP,French
159,0101000020E6100000B1D47ABFD19952C040FCFCF7E0513240,1800-03-04 00:00:00+00,USS Boston,ship,USA,La Fortune,France,off Cape Tiburon,18.319839,-74.403427,Boston boarded Fortune,QW5:271,Boarded by Americans,NP,American
160,0101000020E6100000B1D47ABFD19952C040FCFCF7E0513240,1800-03-26 00:00:00+00,USS Boston,ship,USA,Happy,France,off Cape Tiburon,18.319839,-74.403427,Happy captured,QW5:271,Captured by Americans,NP,American
161,0101000020E6100000F697DD9387994EC08041D2A7557C2D40,1800-03-06 00:00:00+00,Fame,schooner,USA,privateer,France,St. Pierre's Bay,14.742841,-61.19945,Fame captured,QW5:274,Captured by French,MP,French
162,0101000020E6100000832C0B26FEA84EC025B03907CF1C3240,1800-03-10 00:00:00+00,Betsy,sloop,USA,privateer,France,18N,18.112534,-61.320256,Betsy captured,QW5:288,Captured by French,MP,French
163,0101000020E6100000261AA4E0291F50C08D2782380F373B40,1800-03-11 00:00:00+00,Ceres,brig,USA,3 privateers,France,"27N; south of Bermuda",27.215076,-64.486931,Ceres outsailed privateers,QW5:293,Engagement but no capture,MP,none
164,0101000020E6100000CFA44DD53D2152C0B3CEF8BEB8103240,1800-03-11 00:00:00+00,USS General Greene,ship,USA,armed schooner,France,off Jacmel,18.065319,-72.519399,General Greene captured the schooner,QW5:318,Captured by Americans,NP,American
165,0101000020E6100000FFFFFFFFFFFF33C00000000000404940,1800-03-17 00:00:00+00,Active,schooner,USA,La Troisiene Ferraileuse,France,50o30'N 20W,50.5,-20,Active captured,QW5:320,Captured by French,MP,French
166,0101000020E6100000CCCCCCCCCC4C4EC05C8FC2F528DC2C40,1800-04-03 00:00:00+00,USS John Adams,ship,USA,La Jason,France,"south point of Martinique W half; St. Lucia SW 9 leagues",14.43,-60.6,La Jason captured,QW5:341,Captured by Americans,NP,American
167,0101000020E61000003CB9A640662719C00227DBC01DF04840,1800-03-27 00:00:00+00,Samuel Smith,ship,USA,Mars,France,off Scilly,49.875908,-6.288476,Samuel Smith beat Mars off,QW5:353,Engagement but no capture,MP,none
168,0101000020E61000000000000000002CC00AD7A3703DEA4740,1800-03-31 00:00:00+00,Minerva,ship,USA,La Minerve,France,47o50N 14W,47.83,-14,Minerva captured by Minerve,QW5:365,Captured by French,MP,French
169,0101000020E61000000000000000004AC03333333333B33140,1800-03-29 00:00:00+00,Nancy,brig,USA,privateer,France,17o42'N 52W,17.7,-52,privateer shears off after shots,QW5:375,Engagement but no capture,MP,none
170,0101000020E61000000000000000804BC014AE47E17AD43540,1800-04-02 00:00:00+00,Nancy,brig,USA,privateer,France,21o50N 55W,21.83,-55,Nancy plundered and released,QW5:375,Boarded by French,MP,French
171,0101000020E610000066666666664652C06666666666663340,1800-04-05 00:00:00+00,John,schooner,USA,4 barges,France,bight of Leogane,19.4,-73.1,John captured,QW5:387,Captured by French,MP,French
172,0101000020E61000000000000000804BC0FFFFFFFFFFFF3340,1800-04-08 00:00:00+00,Industry,ship,USA,La Berceau,France,20N 55W,20,-55,Industry captured,QW5:396,Captured by French,MP,French
173,0101000020E6100000A0A9D72D02F751C038D89B1892133640,1800-04-16 00:00:00+00,Delia,brig,USA,privateer,France,near Turks,22.076448,-71.859508,Delia captured (eventually retaken by crew),QW5:422,Captured by French,MP,French
174,0101000020E61000002385B2F0F50752C0E6AE25E483CA3340,1800-01-10 00:00:00+00,USS Boston,frigate,USA,Deux Anges,France,near Cape Francois?,19.791075,-72.124386,Deux Anges captured,QW5:430,Captured by Americans,NP,American
175,0101000020E6100000D099B4A9BAE74DC026AB22DC640C3340,1800-04-28 00:00:00+00,Hiram,sloop,USA,Soleil,France,"18-19N; near Guadeloupe?",19.048414,-59.810384,Hiram captured,QW5:464,Captured by French,MP,French
176,0101000020E61000001283C0CAA1154FC08716D9CEF7E33440,1800-05-03 00:00:00+00,Ariel,brig,USA,L'Egypte Conquise,France,3 days from St. Thomas (250 miles?),20.8905,-62.169,Ariel captured,QW5:478,Captured by French,MP,French
177,0101000020E610000009D7A3703DAA51C09A99999999D93E40,1800-05-07 00:00:00+00,[commander John Estes],ship,USA,La Union,France,30o51N 70o40W,30.85,-70.66,USA ship captured,QW5:485,Captured by French,MP,French
178,0101000020E6100000EEB5A0F7C6AC51C0EAB303AE2BCE3340,1800-05-12 00:00:00+00,USS Constitution,frigate,USA,Sandwich,France,Port Plate,19.805354,-70.699644,Sandwich cut out by Isaac Hull in the harbor,QW5:504,Captured by Americans,NP,American
179,0101000020E61000005C77F354871650C092CA147310843240,1800-05-16 00:00:00+00,Victor,schooner,USA,Unity,France,3 leagues off Eustatia,18.515876,-64.35201,Victor captured,QW5:523,Captured by French,MP,French
180,0101000020E61000000000000000E050C06891ED7C3FD53B40,1800-05-18 00:00:00+00,Ceres,brig,USA,Hazard,France,27o50N 67o30W,27.833,-67.5,Ceres captured,QW5:532,Captured by French,MP,French
181,0101000020E61000001B2FDD2406A150C037894160E5103C40,1800-05-19 00:00:00+00,Dispatch,(unarmed) sloop,USA,Hazard,France,28o4N 66o31W,28.066,-66.516,Hazard put Ceres' captives on Dispatch,QW5:537,Captured by French,MP,French
182,0101000020E610000000000000000035400000000000C04240,1800-05-20 00:00:00+00,Iphigenia,ship,USA,La Sophie,France,37o30N 21E,37.5,21,Sophie inspected papers and then let Iphigenia go,QW5:540,Boarded by French,MP,French
183,0101000020E61000007FC2D9AD651A50C02B685A6265843240,1800-05-22 00:00:00+00,Flora,sloop,USA,L'Egypte Conquise,France,near the Virgin Guada,18.517172,-64.412456,Flora captured,QW5:550,Captured by French,MP,French
184,0101000020E6100000E3A59BC420B015C01E85EB51B8FE4140,1800-04-30 00:00:00+00,Columbia,brig,USA,L'Esperance,France,straits of Gibraltar,35.99,-5.422,Columbia captured,QW5:574,Captured by French,MP,French
185,0101000020E61000001B2E724F572F22C01650A8A78F804240,1800-05-18 00:00:00+00,Dublin Packet,ship,USA,L'Abeille,France,off Cape St Vincent,37.004384,-9.092463,Dublin Packet captured,QW5:574,Captured by French,MP,French
186,0101000020E61000001B2E724F572F22C01650A8A78F804240,1800-05-18 00:00:00+00,Friendship,brig,USA,L'Abeille,France,off Cape St Vincent,37.004384,-9.092463,Friendship captured,QW5:574,Captured by French,MP,French
187,0101000020E610000000000000008050C04E62105839444040,1800-05-29 00:00:00+00,Minerva,ship,USA,Les Deux Amis,France,32o32N 66W,32.533,-66,Minerva plundered and released,QW5:575,Boarded by French,MP,French
188,0101000020E6100000AB07CC43A65B52C03E93FDF334D03340,1800-06-02 00:00:00+00,Experiment,armed schooner,USA,privateer,France,near Cape Nicola Mole,19.813308,-73.432023,privateer captured,QW6:4,Captured by Americans,MP,American
189,0101000020E61000000000000000C050C00000000000804240,1800-06-02 00:00:00+00,Lively,schooner,USA,Courageux,France,37N 67W,37,-67,Lively captured,QW6:5,Captured by French,MP,French
190,0101000020E6100000F0A7C64B372152C0713D0AD7A3103240,1800-06-03 00:00:00+00,USS Augusta,brig,USA,La Victoire and La Jeanne,France,off Jacmel,18.065,-72.519,privateers captured,QW6:8,Captured by Americans,NP,American
191,0101000020E6100000009013268CC04EC0B0355B79C9E72F40,1800-06-04 00:00:00+00,William,brig,USA,privateer,France,under lee of Guadeloupe,15.952709,-61.504277,shots fired,QW6:14,Engagement but no capture,MP,none
192,0101000020E610000000000000000039C0FFFFFFFFFFFF4340,1800-06-06 00:00:00+00,Amazon,ship,USA,privateer,France,40N 25W,40,-25,Amazon captured,QW6:22,Captured by French,MP,French
193,0101000020E6100000EE3D5C72DC814EC01BA034D428603040,1800-06-01 00:00:00+00,USS Connecticut,ship,USA,Le Piege,France,off Descada,16.375623,-61.01454,Le Piege captured,QW6:28,Captured by Americans,NP,American
194,0101000020E610000078B6476FB85B4FC08DB5BFB33D7E3140,1800-06-05 00:00:00+00,USS Connecticut,ship,USA,La Unite,France,near St. Kitts,17.493129,-62.716566,La Unite captured,QW6:29,Captured by Americans,NP,American
195,0101000020E6100000B0E600C11C954EC0C619C39CA0813040,1800-06-13 00:00:00+00,USS John Adams,ship,USA,La Decade,France,off Guadeloupe,16.506357,-61.16494,La Decade captured,QW6:45,Captured by Americans,NP,American
196,0101000020E6100000A245B6F3FD944EC00000000000803040,1800-06-17 00:00:00+00,USS Enterprize,ship,USA,La Cygne,France,off Guadeloupe,16.5,-61.164,La Cygne captured,QW6:57,Captured by Americans,NP,American
197,0101000020E61000003E0AD7A3705D4FC07FB74082E2673240,1800-06-19 00:00:00+00,USS Norfolk,ship,USA,privateer,France,"18o48N; St. Martins SW 8 leagues",18.4058,-62.73,privateer sailed away after engagement,QW6:61,Engagement but no capture,NP,none
198,0101000020E6100000475A2A6F473652C0C0CB0C1B65FD3340,1796-11-17 00:00:00+00,Despatch,brig,USA,privateer,France,near Port-au-Paix,19.989824,-72.84811,Despatch captured,ASP2:32,Captured by French,MP,French
199,0101000020E61000000100000000004DC00000000000003A40,1796-03-06 00:00:00+00,Two Friends,schooner,USA,Voltigeur,France,"26N,58W",26,-58,Two Friends captured,ASP2:35,Captured by French,MP,French
200,0101000020E61000005A1135D1E73552C06A6798DA52F73340,1797-03-25 00:00:00+00,Nancy,ship,USA,privateer,France,mouth of Port de Paix,19.966108,-72.842274,Nancy captured,ASP2:39,Captured by French,MP,French
201,0101000020E610000055185B0872F352C05A80B6D5ACB73240,1799-10-12 00:00:00+00,Almy,brigantine,USA,2 privateers,France,off northeast end of Jamaica,18.717481,-75.803835,Almy captured,ASP2:39,Captured by French,MP,French
202,0101000020E6100000032B8716D94E4EC0713D0AD7A3702E40,1797-03-05 00:00:00+00,Lady Walterdorf,brig,USA,Poline,France,10 leagues NW of Martinique,15.22,-60.616,Lady Walterdorf captured,ASP2:39,Captured by French,MP,French
204,0101000020E6100000CDCCCCCCCC9C51C01C7C613255503540,1797-12-28 00:00:00+00,Pattern,ship,USA,Trompeuse,France,4 leagues north of Square Handkerchief,21.3138,-70.45,Pattern captured,ASP2:41,Captured by French,MP,French
205,0101000020E610000066666666668652C07D3F355EBA693440,1797-01-15 00:00:00+00,Valeria,ship,USA,Souveraine,France,4-5 leagues from Cape Maize,20.413,-74.1,Valeria captured,ASP2:44,Captured by French,MP,French
206,0101000020E610000014AE47E17A144EC014AE47E17A543240,1797-01-30 00:00:00+00,Commerce,ship,USA,privateer,France,"18o2N,60o10W",18.33,-60.16,Commerce captured,ASP2:45,Captured by French,MP,French
207,0101000020E6100000C3B81B446BCD51C0874D64E602773540,1796-12-27 00:00:00+00,Trio,brig,USA,Trompeuse,France,off Grand Turk,21.464888,-71.209672,Trio captured,ASP2:48,Captured by French,MP,French
208,0101000020E610000000000000000023C0355EBA490CC24840,1796-10-23 00:00:00+00,Diana,ship,USA,Vengeur,France,"49o31N,9o30W",49.516,-9.5,Diana captured,ASP2:52,Captured by French,MP,French
209,0101000020E6100000ED77280AF489DBBF65C6DB4AAF294340,1797-05-18 00:00:00+00,Telemachus,brig,USA,2 launches,France,within cannon-shot of Alicant,38.325662,-0.430295,Telemachus captured,QW1:34,Captured by French,MP,French
210,0101000020E6100000ED77280AF489DBBF65C6DB4AAF294340,1797-05-18 00:00:00+00,Pomona,ship,USA,2 launches,France,within cannon-shot of Alicant,38.325662,-0.430295,Pomona captured,QW1:34,Captured by French,MP,French
211,0101000020E6100000ED77280AF489DBBF65C6DB4AAF294340,1797-05-18 00:00:00+00,Abigail,schooner,USA,2 launches,France,within cannon-shot of Alicant,38.325662,-0.430295,Abigail captured,QW1:34,Captured by French,MP,French
212,0101000020E6100000ED77280AF489DBBF65C6DB4AAF294340,1797-05-18 00:00:00+00,Eliza,brig,USA,2 launches,France,within cannon-shot of Alicant,38.325662,-0.430295,Eliza captured,QW1:34,Captured by French,MP,French
213,0101000020E610000000000000000026C0BEC1172653B54840,1797-01-15 00:00:00+00,Ann and Mary,ship,USa,Vulture,France,"49o25N,11W",49.4166,-11,Ann and Mary captured,QW1:34,Captured by French,MP,French
214,0101000020E61000000000000000003AC00000000000004240,1798-04-14 00:00:00+00,Commerce,brig,USA,Revenge,France,"36N,26W",36,-26,Commerce plundered,QW1:54,Plundered by French,MP,French
215,0101000020E61000000000000000002AC0CDCCCCCCCC2C4840,1798-07-05 00:00:00+00,Eliza,ship,USA,L'Heureux Decide,France,"48.35N,13W",48.35,-13,Eliza captured,QW1:164,Captured by French,MP,French
216,0101000020E610000028BB99D18F9852C0AA0A0DC4B29F4340,1798-07-07 00:00:00+00,USS Delaware,sloop,USA,Le Croyable,France,off Great Egg Harbour Bay,39.247643,-74.383778,Croyable captured,QW1:176,Captured by Americans,NP,American
217,0101000020E6100000EAB12D03CE8B52C04221020EA1CA4340,1798-07-06 00:00:00+00,Alexander Hamilton,ship,USA,Le Croyable,France,off Little Egg Harbour,39.58304,-74.184449,Alexander Hamilton plundered,QW1:178,Plundered by French,MP,French
218,0101000020E6100000CDCCCCCCCC5C52C02CB29DEFA7E63B40,1798-07-23 00:00:00+00,Hetty Jane,ship,USA,privateer,France,500 miles from Charleston,27.901,-73.45,Hetty Jane captured,QW1:235,Captured by French,MP,French
219,0101000020E610000066666666664655C0894160E5D0223640,1798-07-28 00:00:00+00,Planter,brig,USA,privateer,France,Cape Antonio SE 4 or 5 leagues,22.136,-85.1,Planter captured,QW1:248,Captured by French,MP,French
220,0101000020E6100000F5824F73F2DB52C0EA58A5F44C133D40,1798-07-28 00:00:00+00,Friendship,ship,USA,privateer,France,lat 29,29.075393,-75.436673,Friendship captured,QW1:251,Captured by French,MP,French
221,0101000020E61000004D0E9F7422F851C03C69E1B20A174140,1798-09-09 00:00:00+00,USS Constitution,frigate,USA,Niger,France,lat 34o11,34.180014,-71.877103,Niger captured,QW1:385,Captured by Americans,NP,American
222,0101000020E61000000100000000004DC09A99999999192A40,1798-09-12 00:00:00+00,Liberty,ship,USA,schooner,France,"13o3N,58W",13.05,-58,Liberty captured,QW1:399,Captured by French,MP,French
223,0101000020E61000000000000000003CC00000000000003C40,1798-10-10 00:00:00+00,Two Friends,ship,USA,Good Fortune,France,"28N,28W",28,-28,Two Friends captured,QW1:570,Captured by French,MP,French
224,0101000020E61000001C0C7558E19954C0A0F48590F3423740,1798-11-20 00:00:00+00,USS Baltimore,sloop,USA,privateer,France,off Havana,23.261529,-82.404379,privateer captured,QW2:21,Captured by Americans,NP,American
225,0101000020E61000001F85EB51B8BE50C06891ED7C3F553440,1798-11-30 00:00:00+00,Polly,brig,USA,privateer,France,"20o20N,66o59W",20.333,-66.98,chase but no shots fired,QW2:23,Engagement but no capture,MP,none
226,0101000020E6100000CCCCCCCCCCCC4FC00B7C45B75E532F40,1798-10-07 00:00:00+00,Amphitrite,schooner,USA,Fleur de la Mer,France,Island de Aves,15.662832,-63.6,Amphitrite plundered,QW2:150,Plundered by French,MP,French
203,0101000020E61000000000000000804DC00000000000802E40,1797-01-16 00:00:00+00,Eliza,brig,USA,La Pancy and Thetis,France,"15o15N,59W",15.25,-59,Eliza captured,ASP2:40,Captured by French,MN,French
